Workbook

Sheet Read me
A1: Capstone: Cost Estimation for the AtliQ Contract Risk Analyzer
A2: Cost estimation: tokens, inference cost, embedding cost and the cost-benefit against today's process, worked per contract review rather than per chatbot query.
A4: How to read | B4: Blue text on yellow = an input you can change. Black = a formula. Green = a value pulled from another tab. Every input has its source or its assumption written beside it.
A5: Unit of work | B5: One REVIEW of one contract. A chatbot is priced per query; this product is priced per contract reviewed. Revisions (a redline coming back) count as a new review.
A6: Token rule | B6: Tokens = words x 1.3, the usual rule of thumb. Word counts below are measured on the capstone dataset (wc on the 15 incoming and 17 signed contracts).
A7: Prices | B7: Anthropic list prices per 1M tokens as published on platform.claude.com/docs/en/about-claude/pricing (reference copy dated 25 Sep 2026). Verify on the page before presenting; prices change. No model is chosen in the PRD; three are priced side by side, as the master sheet did.
A8: What this sheet covers | B8: Model inference (input + output tokens), embeddings for precedent retrieval, the one-time register build, and the cost-benefit against today's cost. Low, median and high, never a single number.
A9: What this sheet does NOT cover | B9: Hosting (free tier for the prototype), vector database, observability, engineering and support time, and the cost of the shadow pilot itself. Adding these compresses the saving but does not change its shape.
A10: Dataset facts used | B10: 15 incoming contracts: 26,362 words total, 1,757 average, 627 min (Daniel Ortiz NDA), 3,416 max (Harrington MSA). 17 signed contracts: 23,180 words total. Negotiation notes 1,092 words. Entity sheet 288 words. Checklist 377 words.
A11: Baselines used | B11: ~9 contracts a month (3 to 4 contracts plus 4 to 5 NDAs) and ~3 hours per review (office hours with the client); real contracts assumed 10 to 15 pages. The figure of 9 was confirmed in the office hours; every cost here is per review, so the sheet scales to higher volumes by changing one cell. Counsel fee per complex review from the counsel call in the dataset.
A12: Links | B12: The cost ceiling from this sheet is written into PRD section 5.

Sheet Inference
A1: Sheet 1: Inference cost per review
A2: Base calculation of tokens per review (left), then the same review priced against three models (right). Formulas: cost per input = price x tokens / 1,000,000; cost per output likewise; total per month = cost per review x monthly volume.
A4: Base calculation (median review) | E4: Model selection and cost per review
A5: Description | B5: Tokens | C5: Where the number came from | E5: Model | F5: Input $ per 1M | G5: Output $ per 1M | H5: Cost per review: input | I5: Cost per review: output | J5: Total cost per review | K5: Total cost per month
A6: Token-per-word multiplier | B6: 1.3 | C6: Rule of thumb: 1.2 to 1.3 tokens per word; 1.3 used here. | E6: Claude Opus 5.5 | F6: 4 | G6: 20 | H6: =F6*$B$13/1000000 -> 0.1099512 | I6: =G6*$B$17/1000000 -> 0.28 | J6: =H6+I6 -> 0.3899512 | K6: =J6*$B$21 -> 5.2643412
A7: Contract words (median review) | B7: 1757 | C7: Measured: average of the 15 incoming contracts (26,362 words / 15). | E7: Claude Sonnet 5 (chosen for the prototype) | F7: 2 | G7: 10 | H7: =F7*$B$13/1000000 -> 0.0549756 | I7: =G7*$B$17/1000000 -> 0.14 | J7: =H7+I7 -> 0.1949756 | K7: =J7*$B$21 -> 2.6321706
A8: Contract text tokens | B8: =B7*B6 -> 2284.1 | C8: Words x multiplier. | E8: Claude Haiku 4.5 | F8: 1 | G8: 5 | H8: =F8*$B$13/1000000 -> 0.0274878 | I8: =G8*$B$17/1000000 -> 0.07 | J8: =H8+I8 -> 0.0974878 | K8: =J8*$B$21 -> 1.3160853
A9: System prompt, instructions, checklist and rules table | B9: 2000 | C9: Assumption: about 1,500 words of instructions (clause taxonomy, verdict rules, output format) plus the 2024 checklist (377 words) and the entity/rules table (288 words). | E9: Prices: Anthropic list prices per 1M tokens, platform.claude.com/docs/en/about-claude/pricing, reference copy dated 25 Sep 2026. Blue cells: retype from the live page before presenting. The PRD names no model; the ceiling was set on the most capable row so it holds whichever the dev team picks. MEASURED on the golden set (8 reviews each): Opus 5.5 $0.29 to $0.43 per review (first run, 6 completed); Sonnet 5 $0.09 to $0.23, average $0.17, 8 of 8 scenarios passed, 45 to 142 seconds. Sonnet 5 chosen for the prototype on 10 Oct.
A10: Obligations register (confirmed entries) | B10: 9000 | C10: Measured on the prototype: the built register has 56 entries, sent as compact one-line rows; about 9,000 tokens. The first estimate assumed 30 entries / 3,000 tokens.
A11: Negotiation history (full text, V1 fallback) | B11: =1092*B6 -> 1419.6 | C11: Measured: negotiation_notes.md is 1,092 words. Sent in full in V1 instead of vector search. | E11: One-time register build and monthly upkeep
A12: Header-fact extraction call, facts and rules output, schema overhead | B12: =B8+500+10000 -> 12784.1 | C12: Second call: the contract again plus about 500 tokens of extraction instructions. Measured on the prototype: the review prompt also carries the extracted facts, the rules-engine output and the output schema; the residual against measured input is about 10,000 tokens. | E12: Item | F12: Tokens in | G12: Tokens out | H12: Note
A13: Total input tokens per review | B13: =B8+B9+B10+B11+B12 -> 27487.8 | C13: Sum of the five lines above. Measured on the prototype across 6 reviews: 24,900 to 32,600 input tokens, average about 29,000. | E13: Signed contracts, words (17 files) | F13: 23180 | H13: Measured on the dataset. About 30 signed contracts exist in reality; scale the words cell if more are found.
A14: Clause table output (about 40 clauses) | B14: 9000 | C14: Measured on the prototype: 19 to 48 clause rows per contract, each with type, plain-English line, verdict, quote, reason and past positions. The first estimate (2,800) assumed 70 tokens per row; the model writes about 200. | E14: Register build: one extraction call per contract | F14: =F13*$B$6+17*1800 -> 60734 | G14: =17*2000 -> 34000 | H14: Measured on the prototype: the real build read 76,000 input tokens and wrote 34,000 output tokens across 17 files (about 2,000 output tokens per file, four times the first estimate of 500) and cost $0.96. The first attempt, with a 6,000-token output cap, was cut off mid-file; the cap now is 20,000.
A15: Brief, conflicts, next step, header facts | B15: 1500 | C15: Measured on the prototype: summary, register conflicts with both quotes, mutuality and not-checked lists. | E15: One-time register build cost (most capable model) | F15: =F14*$F$6/1000000+G14*$G$6/1000000 -> 0.922936 | H15: Priced at the Opus row so the ceiling is conservative.
A16: Reasoning (thinking) tokens allowance | B16: 3500 | C16: Measured on the prototype: total output ran 9,400 to 14,900 tokens per review; thinking is the residual after the visible JSON. Billed as output. | E16: Contracts signed per month | F16: 4.5 | H16: Assumption: about half of the 9 received reach signature.
A17: Total output tokens per review | B17: =B14+B15+B16 -> 14000 | C17: Sum of the three lines above. | E17: Monthly post-signature extraction cost | F17: =F16*((23180/17*$B$6+800)*$F$6/1000000+500*$G$6/1000000) -> 0.091306588 | H17: Per signed contract: average signed-contract tokens plus instructions in, about 500 tokens of new register entries out, Opus prices.
A18: Total tokens per review | B18: =B13+B17 -> 41487.8 | C18: Input plus output.
A19: Contracts received per month | B19: 9 | C19: Office hours baseline: 3 to 4 contracts plus 4 to 5 NDAs a month, seasonal; the internal queue meeting also said about 9. An earlier figure of about 20 is not used.
A20: Reviews per contract (versions after redlines) | B20: 1.5 | C20: Assumption: about half the contracts come back once after negotiation and are reviewed again.
A21: Total reviews per month | B21: =B19*B20 -> 13.5 | C21: Contracts x reviews per contract.

Sheet Scenarios
A1: Low, median and high review
A2: Same formulas as the Inference tab, with the contract size and output size varied. Low = a short NDA. Median = the average incoming contract. High = the longest contract in the dataset (Harrington MSA) with a long clause table. Priced at the most capable model so the ceiling is conservative.
B4: Low (short NDA) | C4: Median | D4: High (Harrington MSA) | E4: Source
A5: Contract words | B5: 627 | C5: =Inference!B7 -> 1757 | D5: 3416 | E5: Low: Daniel Ortiz NDA, 627 words. High: Harrington MSA, 3,416 words. Both measured.
A6: Contract tokens | B6: =B5*Inference!$B$6 -> 815.1 | C6: =C5*Inference!$B$6 -> 2284.1 | D6: =D5*Inference!$B$6 -> 4440.8 | E6: Words x multiplier.
A7: Fixed context (prompt + register + history) | B7: =Inference!$B$9+Inference!$B$10+Inference!$B$11 -> 12419.6 | C7: =Inference!$B$9+Inference!$B$10+Inference!$B$11 -> 12419.6 | D7: =Inference!$B$9+Inference!$B$10+Inference!$B$11 -> 12419.6 | E7: Same in every scenario; linked from the Inference tab.
A8: Extraction call input, facts, rules output and schema | B8: =B6+500+10000 -> 11315.1 | C8: =C6+500+10000 -> 12784.1 | D8: =D6+500+10000 -> 14940.8 | E8: Contract again plus 500 tokens, plus the measured 10,000-token residual (extracted facts, rules output, output schema), as on the Inference tab.
A9: Total input tokens | B9: =B6+B7+B8 -> 24549.8 | C9: =C6+C7+C8 -> 27487.8 | D9: =D6+D7+D8 -> 31801.2
A10: Clause table output | B10: 4000 | C10: =Inference!B14 -> 9000 | D10: 12000 | E10: Measured on the prototype: 19 clause rows on the short NDA (9,400 total output), 44 to 48 rows on the long MSAs (up to 14,900 total output). Low: about 20 rows. High: about 55 rows at about 220 tokens each.
A11: Brief and reasoning allowance | B11: =Inference!$B$15+Inference!$B$16 -> 5000 | C11: =Inference!$B$15+Inference!$B$16 -> 5000 | D11: =Inference!$B$15+Inference!$B$16 -> 5000 | E11: Linked.
A12: Total output tokens | B12: =B10+B11 -> 9000 | C12: =C10+C11 -> 14000 | D12: =D10+D11 -> 17000
A13: Cost per review, most capable model | B13: =B9*Inference!$F$6/1000000+B12*Inference!$G$6/1000000 -> 0.2781992 | C13: =C9*Inference!$F$6/1000000+C12*Inference!$G$6/1000000 -> 0.3899512 | D13: =D9*Inference!$F$6/1000000+D12*Inference!$G$6/1000000 -> 0.4672048 | E13: Opus 5.5 list prices from the Inference tab.
A14: Cost per month at the Inference tab's volume (9 contracts x 1.5 reviews), if ALL were this size | B14: =B13*Inference!$B$21 -> 3.7556892 | C14: =C13*Inference!$B$21 -> 5.2643412 | D14: =D13*Inference!$B$21 -> 6.3072648 | E14: Bounds for the monthly bill.
A16: Proposed cost ceiling for the PRD | B16: Per review | C16: Per month
A17: ="Ceiling = about "&TEXT(B17/D13,"0.0")&"x the high scenario per review and "&TEXT(C17/D14,"0.0")&"x per month at the most capable model, rounded, so a model change or a longer contract never trips it" -> Ceiling = about 2.1x the high scenario per review and 7.9x per month at the most capable model, rounded, so a model change or a longer contract never trips it | B17: 1 | C17: 50 | D17: Written into PRD section 5. The alert fires at 80% of the monthly ceiling.

Sheet Embeddings
A1: Sheet 2: Embedding cost (precedent retrieval)
A2: Only needed if the dev team chooses vector search for the precedent check. V1 sends the negotiation notes in full, so this is an upper bound. Embedding is cheap because it converts text to vectors with no reasoning.
A4: Component | B4: Value | C4: Source / note
A5: Token-per-word multiplier | B5: =Inference!B6 -> 1.3 | C5: Linked.
A6: Negotiation history words | B6: 1092 | C6: Measured.
A7: Signed contracts words (indexed for precedent too) | B7: =Inference!F13 -> 23180 | C7: Linked from the Inference tab.
A8: Total tokens to index (one time) | B8: =(B6+B7)*B5 -> 31553.6 | C8: Words x multiplier.
A9: Embedding price $ per 1M tokens | B9: 0.13 | C9: Reference price: OpenAI text-embedding-3-large at $0.13 per 1M. Anthropic does not sell embeddings; the dev team picks the provider. Replace with the chosen provider's price.
A10: One-time indexing cost | B10: =B8*B9/1000000 -> 0.004101968
A11: Clauses embedded per review (queries) | B11: 40 | C11: Assumption: one query per clause marked for precedent lookup, upper bound.
A12: Tokens per clause query | B12: 70 | C12: Assumption: a clause summary of about 55 words.
A13: Reviews per month | B13: =Inference!B21 -> 13.5 | C13: Linked.
A14: Query tokens per month | B14: =B11*B12*B13 -> 37800 | C14: Clauses x tokens x reviews.
A15: Monthly query embedding cost | B15: =B14*B9/1000000 -> 0.004914
A16: Total embedding cost, first month | B16: =B10+B15 -> 0.009015968 | C16: One-time indexing plus the first month's queries.

Sheet Cost Savings
A1: Sheet 3: Cost-benefit hypothesis
A2: What leadership actually reads. Today's cost of review versus the assistant's running cost. The CEO's hour has no salary line, so its value is an input you set; the saving is also shown in hours, which needs no assumption.
A4: Today: the human review
A5: Component | B5: Value | C5: Source / note
A6: Client contracts per month | B6: 3.5 | C6: Office hours: 3 to 4 client contracts a month.
A7: NDAs per month | B7: 4.5 | C7: Office hours: 4 to 5 NDAs a month. B6 + B7 = the 9 documents on the Inference tab.
A8: Hours per client contract today | B8: 3 | C8: Office hours: a standard review is about 2 hours, a complex one 6 to 8; 3 is the conservative middle.
A9: Hours per NDA today | B9: 0.5 | C9: ASSUMPTION: a mutual NDA read properly takes about 30 minutes; Karandeep signs many on sight, which is the risk, not a saving. Set with Karandeep.
A10: Reviewer hours per month today | B10: =B6*B8+B7*B9 -> 12.75
A11: Value of one reviewer hour (rupees) | B11: 5000 | C11: ASSUMPTION to replace: opportunity cost of a founder-CEO hour. No salary figure exists in the dataset. Set with Karandeep.
A12: Monthly cost of review today (rupees) | B12: =B10*B11 -> 63750
A13: Counsel: cost per complex matter (rupees) | B13: 120000 | C13: Counsel call in the dataset: 1,20,000 rupees for the Gulf Crown and Al Noor matter together.
A14: Routine counsel matters avoided per year | B14: 4 | C14: ASSUMPTION: matters that today go to counsel for lack of anywhere else to look (office hours). Annual counsel spend is to be shared by the client. Kept OUT of the headline saving below.
A15: Counsel upside per month, if realised (rupees) | B15: =B13*B14/12 -> 40000 | C15: Shown separately; not in the headline.
A17: With the assistant
A18: Component | B18: Value | C18: Source / note
A20: Hours per client contract with the assistant | B20: 0.5 | C20: PRD North Star target: under 30 minutes of reviewer time per contract.
A21: Hours per NDA with the assistant | B21: 0.15 | C21: ASSUMPTION: about 10 minutes to read the brief and the mutuality check.
A22: Reviewer hours per month with the assistant | B22: =B6*B20+B7*B21 -> 2.425
A23: Reviewer hours saved per month | B23: =B10-B22 -> 10.325 | C23: The number that needs the fewest assumptions.
A24: Value of hours saved (rupees) | B24: =B23*B11 -> 51625
A25: Rupees per US dollar | B25: 85 | C25: ASSUMPTION: exchange rate on the day; replace.
A26: Assistant inference cost per month (most capable model, USD) | B26: =Inference!K6+Inference!F17 -> 5.3556478 | C26: Linked: reviews at the most capable model's prices plus post-signature extraction; the chosen model costs about half.
A27: Embedding cost per month (USD) | B27: =Embeddings!B15 -> 0.004914 | C27: Linked; upper bound.
A28: Assistant running cost per month (rupees) | B28: =(B26+B27)*B25 -> 455.64775
A29: Monthly saving (rupees), headline | B29: =B24-B28 -> 51169.352 | C29: Hours saved valued at the input rate, minus the assistant's running cost. Counsel is NOT included; see B15.
A30: Percentage saving against today's review cost | B30: =B29/B12 -> 0.80265651
A31: Monthly saving including the counsel upside (rupees) | B31: =B29+B15 -> 91169.352 | C31: Only if the 4 avoided matters a year hold.
A32: One-time register build (USD) | B32: =Inference!F15 -> 0.922936 | C32: Linked. Paid once.
A34: The headline saving rests on three inputs: the volume and hours the client gave in the office hours, an assumed NDA review time, and an assumed value of a founder hour. Not counted, by design: counsel avoided (shown separately), incidents avoided (Brightwater cost a $9,000 settlement and a $14,200 legal bill), deals lost to the queue (ShopSwift's quarter), and the sellers' chasing time.
